V1,V2,V3,V4,V5,V6,V7,Class
0,0,0,0,20,20.0,45.19,1
1,8,0,10,15,15.13,32.57,1
1,6,0,6,7,7.0,25.0,1
0,0,0,0,18,18.0,44.64,1
0,0,0,0,8,8.0,40.82,1
0,0,0,0,18,18.0,29.55,1
0,0,0,0,12,12.0,37.66,1
0,0,0,0,19,19.0,33.53,1
0,0,0,0,13,13.0,27.46,1
0,0,0,0,14,14.0,39.81,1
0,0,0,0,9,9.0,30.46,1
0,0,0,0,7,7.0,38.83,1
0,0,0,0,12,12.0,30.41,1
1,12,0,13,7,7.07,30.87,1
0,0,0,0,14,14.0,34.21,1
0,0,0,0,13,13.0,33.96,1
0,0,0,0,19,19.0,38.83,1
1,15,0,15,14,14.0,26.63,1
0,0,0,0,7,7.0,26.25,1
0,0,0,0,22,22.0,42.06,1
0,0,0,0,10,10.0,36.12,1
2,0,12,12,6,13.42,26.83,1
0,0,0,0,16,16.0,32.57,1
2,0,13,8,10,8.54,35.9,1
0,0,0,0,16,16.0,47.17,1
3,0,6,2,12,6.32,36.62,1
1,7,0,8,18,18.03,33.24,1
1,12,0,13,11,11.05,37.16,1
2,0,7,6,7,6.0,25.0,1
0,0,0,0,12,12.0,33.11,1
0,0,0,0,17,17.0,38.08,1
0,0,0,0,6,6.0,36.62,1
1,9,0,11,12,12.17,32.89,1
1,10,0,10,7,7.0,30.46,1
1,8,0,9,9,9.06,28.46,1
0,0,0,0,19,19.0,49.74,1
0,0,0,0,13,13.0,37.16,1
0,0,0,0,20,20.0,40.85,1
2,0,14,7,12,7.28,21.19,1
0,0,0,0,8,8.0,35.9,1
1,8,0,9,18,18.03,34.21,1
0,0,0,0,11,11.0,28.46,1
0,0,0,0,13,13.0,40.85,1
0,0,0,0,17,17.0,44.94,1
0,0,0,0,18,18.0,43.01,1
0,0,0,0,6,6.0,32.02,1
0,0,0,0,13,13.0,33.96,1
0,0,0,0,11,11.0,32.2,1
3,0,15,1,23,8.06,25.5,1
0,0,0,0,21,21.0,47.07,1
0,0,0,0,24,24.0,33.24,1
1,13,0,15,10,10.2,27.46,1
0,0,0,0,18,18.0,32.89,1
0,0,0,0,10,10.0,45.79,1
0,0,0,0,14,14.0,21.19,1
2,0,11,9,9,9.22,28.46,1
0,0,0,0,7,7.0,26.25,1
0,0,0,0,14,14.0,33.24,1
0,0,0,0,18,18.0,44.64,1
1,8,0,9,18,18.03,34.21,1
0,0,0,0,17,17.0,29.53,1
0,0,0,0,20,20.0,41.59,1
0,0,0,0,18,18.0,29.55,1
3,0,6,1,13,7.07,26.0,1
1,6,0,8,11,11.18,35.9,1
2,0,9,10,7,10.2,30.46,1
2,0,10,13,7,13.34,30.87,1
3,0,7,2,15,8.25,40.0,1
0,0,0,0,21,21.0,45.19,1
1,19,0,20,10,10.05,32.02,1
0,0,0,0,10,10.0,36.36,1
3,0,7,0,16,9.0,26.25,1
0,0,0,0,17,17.0,42.8,1
1,7,0,8,15,15.03,30.08,1
1,9,0,11,18,18.11,25.5,1
0,0,0,0,19,19.0,42.54,1
0,0,0,0,10,10.0,37.22,1
1,10,0,12,18,18.11,29.55,1
1,9,0,10,13,13.04,33.53,1
1,10,0,10,7,7.0,30.46,1
0,0,0,0,11,11.0,40.46,1
0,0,0,0,15,15.0,37.48,1
0,0,0,0,20,20.0,41.59,1
0,0,0,0,10,10.0,32.53,1
0,0,0,0,7,7.0,38.6,1
1,12,0,12,8,8.0,33.24,1
0,0,0,0,17,17.0,38.08,1
1,13,0,15,10,10.2,27.46,1
0,0,0,0,14,14.0,33.24,1
1,19,0,20,10,10.05,32.02,1
0,0,0,0,16,16.0,39.2,1
0,0,0,0,17,17.0,42.8,1
0,0,0,0,11,11.0,35.38,1
0,0,0,0,12,12.0,30.41,1
1,10,0,12,6,6.32,26.83,1
1,8,0,8,10,10.0,35.9,1
3,0,11,2,22,11.18,26.63,1
1,12,0,12,8,8.0,33.24,1
3,0,13,0,21,8.0,25.24,1
0,0,0,0,20,20.0,43.05,1
0,0,0,0,7,7.0,40.0,1
1,18,0,19,11,11.05,26.25,1
1,10,0,10,7,7.0,26.0,1
0,0,0,0,19,19.0,38.95,1
0,0,0,0,10,10.0,33.62,1
2,0,13,8,11,8.25,33.96,1
0,0,0,0,7,7.0,40.0,1
0,0,0,0,7,7.0,38.83,1
1,8,0,9,9,9.06,28.46,1
0,0,0,0,10,10.0,30.87,1
1,14,0,14,12,12.0,30.41,1
2,0,14,7,12,7.28,21.19,1
0,0,0,0,12,12.0,26.83,1
3,0,7,1,24,17.03,25.0,1
0,0,0,0,15,15.0,37.48,1
0,0,0,0,10,10.0,33.62,1
1,6,0,6,13,13.0,30.59,1
0,0,0,0,9,9.0,30.46,1
0,0,0,0,21,21.0,44.94,1
0,0,0,0,13,13.0,40.85,1
2,0,13,14,12,14.04,25.24,1
2,0,11,9,9,9.22,28.46,1
1,18,0,19,11,11.05,26.25,1
1,7,0,8,18,18.03,33.24,1
0,0,0,0,13,13.0,25.24,1
2,0,13,8,15,8.25,30.08,1
0,0,0,0,17,17.0,38.08,1
0,0,0,0,6,6.0,32.02,1
2,0,13,14,12,14.04,25.24,1
3,0,6,1,21,15.03,32.02,1
0,0,0,0,14,14.0,38.08,1
2,0,12,7,7,8.6,37.66,1
3,0,7,0,16,9.0,26.25,1
0,0,0,0,12,12.0,40.5,1
2,0,9,10,7,10.2,30.46,1
0,0,0,0,12,12.0,36.72,1
3,0,12,2,19,7.28,26.83,1
3,0,13,3,23,10.44,27.46,1
0,0,0,0,14,14.0,34.21,1
0,0,0,0,20,20.0,46.1,1
0,0,0,0,20,20.0,40.85,1
0,0,0,0,11,11.0,32.2,1
0,0,0,0,19,19.0,37.66,1
0,0,0,0,6,6.0,26.0,1
0,0,0,0,24,24.0,33.24,1
2,0,10,13,7,13.34,30.87,1
0,0,0,0,11,11.0,35.38,1
2,0,8,8,11,8.54,35.9,1
0,0,0,0,15,15.0,25.5,1
1,8,0,8,14,14.0,39.81,1
0,0,0,0,21,21.0,35.34,1
1,12,0,13,7,7.07,30.87,1
1,8,0,8,14,14.0,39.81,1
0,0,0,0,14,14.0,41.34,1
1,14,0,14,12,12.0,25.24,1
3,0,14,5,20,7.81,21.19,1
1,7,0,7,7,7.0,37.66,1
0,0,0,0,12,12.0,37.66,1
0,0,0,0,19,19.0,46.62,1
0,0,0,0,6,6.0,26.0,1
0,0,0,0,8,8.0,35.9,1
0,0,0,0,10,10.0,37.22,1
0,0,0,0,7,7.0,34.99,1
0,0,0,0,18,18.0,43.01,1
0,0,0,0,17,17.0,38.08,1
0,0,0,0,10,10.0,30.87,1
0,0,0,0,11,11.0,28.46,1
0,0,0,0,13,13.0,37.16,1
0,0,0,0,20,20.0,46.1,1
0,0,0,0,19,19.0,38.95,1
3,0,15,1,23,8.06,25.5,1
0,0,0,0,21,21.0,35.34,1
1,7,0,7,7,7.0,37.66,1
0,0,0,0,16,16.0,39.2,1
2,0,7,6,7,6.0,25.0,1
0,0,0,0,11,11.0,26.63,1
4,14,20,0,9,17.8,42.38,2
0,0,0,0,20,20.0,38.6,2
6,4,18,0,16,4.47,29.12,2
0,0,0,0,21,21.0,30.68,2
0,0,0,0,23,23.0,37.11,2
1,0,21,1,29,8.06,30.68,2
0,0,0,0,20,20.0,46.24,2
3,4,30,10,27,6.71,31.62,2
1,0,20,2,35,15.13,37.0,2
4,10,24,0,15,13.45,40.26,2
0,0,0,0,27,27.0,50.92,2
1,0,20,1,27,7.07,28.16,2
0,0,0,0,28,28.0,62.13,2
0,0,0,0,20,20.0,37.0,2
0,0,0,0,24,24.0,49.98,2
1,0,28,1,35,7.07,38.48,2
0,0,0,0,21,21.0,33.84,2
0,0,0,0,35,35.0,49.48,2
4,10,17,0,10,12.21,30.68,2
1,0,20,1,28,8.06,29.41,2
6,4,19,0,16,5.0,31.62,2
0,0,0,0,31,31.0,53.16,2
5,7,23,0,19,8.06,37.11,2
0,0,0,0,27,27.0,36.88,2
2,0,32,6,32,6.0,33.84,2
0,0,0,0,35,35.0,42.95,2
4,16,16,0,6,18.87,38.48,2
0,0,0,0,29,29.0,50.92,2
2,1,28,9,24,8.94,29.41,2
1,0,21,0,32,11.0,33.84,2
0,0,0,0,35,35.0,53.14,2
3,7,30,7,24,6.0,34.71,2
6,4,19,0,16,5.0,31.62,2
6,6,17,0,13,7.21,37.0,2
0,0,0,0,25,25.0,44.27,2
3,6,27,13,23,8.06,31.78,2
1,0,25,2,36,11.18,38.63,2
0,0,0,0,28,28.0,58.6,2
0,0,0,0,25,25.0,44.27,2
0,0,0,0,33,33.0,50.09,2
5,8,22,4,20,4.47,28.16,2
0,0,0,0,26,26.0,40.26,2
5,8,22,4,20,4.47,28.16,2
5,14,14,0,6,16.12,40.72,2
1,0,30,1,38,8.06,39.05,2
0,0,0,0,33,33.0,52.8,2
2,1,29,10,24,10.3,30.68,2
3,4,27,8,25,4.47,28.16,2
2,1,31,6,31,5.0,33.62,2
0,0,0,0,20,20.0,29.41,2
0,0,0,0,27,27.0,54.13,2
5,10,22,4,19,6.71,31.62,2
0,0,0,0,29,29.0,43.17,2
3,9,24,9,17,7.0,29.41,2
1,0,30,1,38,8.06,39.05,2
5,11,21,6,17,6.4,33.84,2
1,0,23,0,36,13.0,37.11,2
0,0,0,0,29,29.0,39.22,2
0,0,0,0,34,34.0,42.95,2
1,0,25,1,31,6.08,33.62,2
0,0,0,0,31,31.0,50.0,2
0,0,0,0,21,21.0,29.12,2
2,1,31,6,31,5.0,33.62,2
0,0,0,0,21,21.0,30.68,2
0,0,0,0,32,32.0,55.54,2
5,12,21,6,17,7.21,37.0,2
4,13,23,13,14,9.0,31.78,2
2,0,29,6,27,6.32,31.78,2
1,0,20,1,27,7.07,28.16,2
4,10,24,0,15,13.45,40.26,2
0,0,0,0,30,30.0,57.43,2
2,1,27,4,27,3.0,28.16,2
5,13,14,6,10,8.06,31.78,2
0,0,0,0,30,30.0,40.26,2
0,0,0,0,34,34.0,55.36,2
0,0,0,0,24,24.0,48.85,2
0,0,0,0,27,27.0,49.98,2
0,0,0,0,28,28.0,43.38,2
1,0,21,0,28,7.0,29.12,2
0,0,0,0,23,23.0,51.62,2
2,0,30,4,30,4.0,31.62,2
0,0,0,0,20,20.0,34.71,2
0,0,0,0,34,34.0,50.25,2
0,0,0,0,28,28.0,42.45,2
0,0,0,0,24,24.0,48.85,2
0,0,0,0,22,22.0,48.85,2
3,6,27,13,23,8.06,31.78,2
0,0,0,0,32,32.0,53.71,2
4,13,23,13,14,9.0,31.78,2
0,0,0,0,22,22.0,31.62,2
2,1,27,4,27,3.0,28.16,2
3,4,27,8,25,4.47,29.12,2
0,0,0,0,20,20.0,40.72,2
4,10,25,0,20,11.18,32.57,2
0,0,0,0,27,27.0,54.13,2
1,0,27,1,36,9.06,36.88,2
0,0,0,0,21,21.0,48.1,2
1,0,21,0,32,11.0,33.84,2
3,10,24,10,17,7.0,30.68,2
0,0,0,0,35,35.0,53.14,2
6,10,14,0,7,12.21,50.09,2
0,0,0,0,23,23.0,48.51,2
0,0,0,0,36,36.0,48.05,2
0,0,0,0,32,32.0,44.38,2
1,0,22,0,29,7.0,31.78,2
2,0,28,4,27,4.12,29.12,2
0,0,0,0,22,22.0,46.49,2
6,6,21,0,17,7.21,38.6,2
3,4,27,8,25,4.47,28.16,2
0,0,0,0,29,29.0,50.92,2
6,6,16,0,12,7.21,33.62,2
6,8,12,0,6,10.0,40.72,2
4,10,27,10,22,5.0,31.62,2
0,0,0,0,26,26.0,40.26,2
1,0,25,2,36,11.18,38.63,2
0,0,0,0,34,34.0,41.59,2
3,7,30,7,24,6.0,34.71,2
4,17,19,0,6,21.4,44.38,2
5,13,20,6,16,8.06,33.62,2
0,0,0,0,31,31.0,43.42,2
0,0,0,0,26,26.0,53.45,2
1,0,26,0,39,13.0,40.26,2
5,10,22,4,19,6.71,31.62,2
4,10,27,10,22,5.0,31.62,2
6,4,24,0,21,5.0,39.22,2
0,0,0,0,36,36.0,53.71,2
0,0,0,0,34,34.0,47.42,2
0,0,0,0,29,29.0,39.22,2
0,0,0,0,29,29.0,40.72,2
4,8,25,8,22,3.0,28.16,2
0,0,0,0,36,36.0,48.05,2
3,9,24,9,17,7.0,29.41,2
0,0,0,0,25,25.0,33.62,2
0,0,0,0,35,35.0,49.48,2
0,0,0,0,23,23.0,32.57,2
0,0,0,0,30,30.0,56.94,2
1,0,25,1,31,6.08,33.62,2
0,0,0,0,34,34.0,42.95,2
0,0,0,0,20,20.0,38.6,2
4,17,19,0,6,21.4,44.38,2
0,0,0,0,21,21.0,48.1,2
1,0,23,1,31,8.06,32.57,2
1,0,22,0,30,8.0,31.62,2
0,0,0,0,25,25.0,33.62,2
0,0,0,0,21,21.0,33.84,2
0,0,0,0,27,27.0,42.38,2
0,0,0,0,29,29.0,59.36,2
0,0,0,0,32,32.0,57.28,2
0,0,0,0,33,33.0,50.09,2
3,10,24,10,17,7.0,30.68,2
0,0,0,0,21,21.0,29.12,2
0,0,0,0,29,29.0,59.36,2
5,8,20,4,18,4.47,29.12,2
0,0,0,0,23,23.0,48.51,2
6,8,12,0,6,10.0,40.72,2
0,0,0,0,36,36.0,45.89,2
6,6,17,0,13,7.21,37.0,2
0,0,0,0,31,31.0,53.16,2
6,4,20,0,18,4.47,28.16,2
1,0,29,1,37,8.06,39.22,2
0,0,0,0,29,29.0,40.72,2
1,0,20,2,34,14.14,34.71,2
0,0,0,0,29,29.0,56.08,2
6,10,14,0,7,12.21,50.09,2
0,0,0,0,28,28.0,38.48,2
0,0,0,0,22,22.0,46.49,2
0,0,0,0,32,32.0,44.38,2
0,0,0,0,27,27.0,49.98,2
2,0,30,4,30,4.0,31.62,2
0,0,0,0,27,27.0,50.92,2
0,0,0,0,35,35.0,50.01,2
0,0,0,0,30,30.0,39.05,2
0,0,0,0,26,26.0,53.31,2
0,0,0,0,30,30.0,39.05,2
0,0,0,0,24,24.0,49.65,2
2,1,29,7,28,6.08,31.78,3
1,1,21,1,29,8.0,31.78,3
5,13,17,6,13,8.06,36.4,3
6,6,13,0,9,7.21,42.2,3
0,0,0,1,23,23.02,60.44,3
7,0,9,10,0,13.45,31.78,3
0,0,0,2,28,28.07,39.85,3
0,0,0,2,22,22.09,43.01,3
5,7,24,0,20,8.06,33.96,3
1,1,26,1,34,8.0,36.4,3
6,10,13,0,6,12.21,48.75,3
0,0,0,0,25,25.0,41.23,3
6,0,6,12,0,13.42,33.54,3
6,0,16,9,0,18.36,39.85,3
3,5,27,7,25,2.83,28.86,3
5,7,20,5,18,2.83,28.86,3
1,2,23,2,34,11.0,42.2,3
6,4,21,0,19,4.47,34.18,3
0,0,0,1,34,34.01,53.6,3
0,0,0,0,31,31.0,44.15,3
5,14,14,0,6,16.12,41.63,3
7,0,9,10,0,13.45,31.78,3
0,0,0,1,26,26.02,49.73,3
7,0,16,4,0,16.49,28.86,3
2,0,32,7,28,8.06,32.98,3
0,0,0,2,26,26.08,55.61,3
7,0,9,12,0,15.0,42.2,3
0,0,0,0,28,28.0,42.06,3
0,0,0,1,26,26.02,36.4,3
0,0,0,2,26,26.08,39.29,3
5,7,20,0,16,8.06,28.86,3
3,5,27,7,25,2.83,28.86,3
0,0,0,0,27,27.0,51.66,3
6,0,6,13,0,14.32,40.31,3
0,0,0,2,26,26.08,40.5,3
0,0,0,0,23,23.0,44.69,3
1,2,23,2,34,11.0,42.2,3
6,0,9,15,0,17.49,42.94,3
1,1,21,1,28,7.0,28.86,3
6,6,13,0,9,7.21,36.4,3
0,0,0,0,27,27.0,39.66,3
0,0,0,2,25,25.08,32.57,3
1,1,25,1,35,10.0,43.01,3
5,7,23,0,19,8.06,36.4,3
1,0,21,0,32,11.0,34.18,3
0,0,0,2,29,29.07,43.97,3
0,0,0,1,22,22.02,45.19,3
0,0,0,1,22,22.02,36.4,3
0,0,0,1,22,22.02,45.19,3
0,0,0,1,29,29.02,55.9,3
1,1,22,1,34,12.0,36.4,3
0,0,0,1,30,30.02,42.06,3
7,0,6,16,0,17.09,42.95,3
5,14,12,0,6,15.23,33.54,3
5,0,6,18,0,18.97,45.69,3
6,6,14,0,10,7.21,36.4,3
0,0,0,0,29,29.0,45.18,3
5,0,6,18,0,18.97,45.69,3
6,0,6,16,0,17.09,41.63,3
0,0,0,2,30,30.07,46.53,3
6,0,20,6,0,20.88,33.96,3
0,0,0,0,28,28.0,53.23,3
4,7,22,0,16,9.22,32.98,3
0,0,0,1,24,24.02,41.63,3
2,1,28,7,28,6.0,28.86,3
0,0,0,0,35,35.0,52.8,3
0,0,0,0,24,24.0,48.75,3
0,0,0,1,30,30.02,36.22,3
6,0,6,16,0,17.09,43.01,3
0,0,0,0,30,30.0,54.41,3
2,0,32,4,30,4.47,34.18,3
0,0,0,0,20,20.0,33.54,3
0,0,0,1,22,22.02,36.4,3
6,6,18,0,14,7.21,42.06,3
0,0,0,0,28,28.0,46.82,3
7,0,9,12,0,15.0,42.2,3
0,0,0,2,30,30.07,52.43,3
0,0,0,0,25,25.0,41.23,3
0,0,0,0,22,22.0,32.98,3
0,0,0,1,21,21.02,28.86,3
0,0,0,1,30,30.02,42.06,3
0,0,0,2,21,21.1,36.4,3
5,14,14,0,6,16.12,40.5,3
4,10,24,0,19,11.18,32.57,3
0,0,0,0,35,35.0,51.55,3
0,0,0,1,34,34.01,53.6,3
0,0,0,1,23,23.02,60.44,3
0,0,0,0,28,28.0,53.23,3
1,1,30,1,36,6.0,36.22,3
0,0,0,2,23,23.09,42.2,3
0,0,0,2,28,28.07,39.85,3
5,0,6,16,0,17.09,44.38,3
5,0,6,17,0,18.03,45.31,3
4,8,27,7,24,3.16,33.96,3
0,0,0,0,23,23.0,52.77,3
5,7,20,5,18,2.83,28.86,3
0,0,0,1,28,28.02,45.69,3
0,0,0,0,23,23.0,52.77,3
0,0,0,0,28,28.0,42.06,3
0,0,0,0,22,22.0,49.19,3
3,7,28,7,23,5.0,28.86,3
5,13,18,6,14,8.06,36.4,3
0,0,0,1,26,26.02,59.08,3
0,0,0,1,29,29.02,53.76,3
0,0,0,0,29,29.0,45.18,3
0,0,0,1,21,21.02,31.78,3
2,2,28,5,27,3.16,28.86,3
5,0,28,4,0,28.28,36.22,3
6,6,14,0,10,7.21,36.4,3
0,0,0,0,27,27.0,51.66,3
6,6,22,0,18,7.21,39.56,3
0,0,0,1,29,29.02,39.56,3
0,0,0,2,23,23.09,55.23,3
0,0,0,1,36,36.01,46.69,3
1,2,22,2,28,6.0,28.86,3
5,0,6,18,0,18.97,45.69,3
6,6,18,0,14,7.21,42.06,3
0,0,0,1,29,29.02,39.56,3
0,0,0,0,31,31.0,44.15,3
6,6,22,0,18,7.21,39.56,3
0,0,0,0,21,21.0,34.18,3
6,4,21,0,19,4.47,34.18,3
5,14,14,0,6,16.12,40.5,3
0,0,0,0,24,24.0,42.95,3
0,0,0,2,21,21.1,43.68,3
0,0,0,0,36,36.0,43.74,3
0,0,0,2,23,23.09,42.2,3
0,0,0,0,30,30.0,52.39,3
6,0,16,9,0,18.36,39.85,3
0,0,0,0,38,38.0,48.85,3
1,0,23,0,35,12.0,40.31,3
0,0,0,0,30,30.0,52.39,3
1,0,27,0,33,6.0,39.66,3
4,7,23,7,20,3.0,28.86,3
0,0,0,0,32,32.0,55.9,3
5,0,14,12,0,18.44,40.31,3
0,0,0,0,32,32.0,55.9,3
0,0,0,2,21,21.1,33.96,3
0,0,0,1,29,29.02,53.76,3
2,1,28,7,28,6.0,28.86,3
0,0,0,0,24,24.0,48.75,3
0,0,0,1,26,26.02,36.4,3
0,0,0,0,28,28.0,48.1,3
1,2,21,2,35,14.0,36.4,3
0,0,0,2,29,29.07,43.97,3
0,0,0,1,33,33.02,50.99,3
6,10,13,0,6,12.21,48.75,3
5,7,23,0,19,8.06,36.4,3
0,0,0,2,33,33.06,48.27,3
5,10,22,0,16,11.66,39.85,3
0,0,0,1,34,34.01,46.87,3
7,0,6,16,0,17.09,42.95,3
0,0,0,0,35,35.0,46.32,3
1,1,25,1,35,10.0,43.01,3
4,7,22,0,16,9.22,32.98,3
0,0,0,2,32,32.06,45.31,3
5,14,12,0,6,15.23,33.54,3
6,6,13,0,9,7.21,42.2,3
0,0,0,0,30,30.0,54.41,3
0,0,0,1,21,21.02,31.78,3
0,0,0,1,21,21.02,28.86,3
0,0,0,1,26,26.02,49.73,3
0,0,0,0,21,21.0,34.18,3
1,2,26,2,34,8.0,40.5,3
0,0,0,1,27,27.02,47.51,3
5,0,6,16,0,17.09,44.38,3
6,0,19,10,0,21.47,36.4,3
6,0,16,7,0,17.46,28.86,3
0,0,0,1,27,27.02,47.51,3
7,0,19,4,0,19.42,34.18,3
0,0,0,0,35,35.0,52.8,3
5,14,16,0,8,16.12,43.46,3
0,0,0,1,26,26.02,49.66,3
6,0,6,12,0,13.42,33.54,3
6,5,18,0,16,5.39,28.86,3
0,0,0,1,25,25.02,43.01,3
0,0,0,0,36,36.0,43.74,3
5,19,14,0,6,20.62,40.31,3
7,0,9,13,0,15.81,36.4,3
6,8,12,0,6,10.0,42.95,3
4,17,19,0,6,21.4,44.38,3
4,15,19,14,12,7.07,33.54,3
1,2,21,2,33,12.0,33.96,3
5,0,19,6,0,19.92,32.57,3
4,7,25,7,20,5.0,28.86,3
6,0,8,17,0,18.79,43.46,3
4,10,24,0,19,11.18,32.57,3
0,0,0,1,33,33.02,50.99,3
0,0,0,2,26,26.08,40.5,3
0,0,0,0,24,24.0,42.95,3
0,0,0,0,25,25.0,49.04,3
6,0,9,15,0,17.49,42.94,3
0,0,0,2,22,22.09,28.86,3
1,1,21,1,29,8.0,31.78,3
0,0,0,2,25,25.08,40.31,3
5,13,18,6,14,8.06,36.4,3
4,7,25,7,20,5.0,28.86,3
5,0,14,12,0,18.44,40.31,3
0,0,0,0,31,31.0,53.16,3
0,0,0,1,36,36.01,46.69,3
6,0,8,17,0,18.79,43.46,3
0,0,0,0,35,35.0,51.55,3
6,7,14,0,10,8.06,39.66,3
0,0,0,2,21,21.1,43.68,3
0,0,0,0,31,31.0,53.16,3
1,0,23,0,34,11.0,44.69,3
5,0,14,13,0,19.1,42.06,3
6,0,20,6,0,20.88,33.96,3
1,0,9,0,18,9.0,30.46,4
0,10,0,0,8,12.81,26.0,4
0,15,0,2,4,13.6,26.63,4
0,17,0,6,3,11.4,26.25,4
0,17,0,0,8,18.79,29.41,4
0,15,0,2,6,14.32,28.3,4
0,14,0,2,7,13.89,31.3,4
1,9,5,0,10,10.3,32.25,4
0,16,0,1,8,17.0,35.78,4
1,5,4,0,8,6.4,26.83,4
2,0,8,0,15,7.0,29.73,4
0,20,0,2,4,18.44,29.73,4
0,15,0,0,9,17.49,31.76,4
0,16,0,0,8,17.89,28.84,4
1,2,6,0,12,6.32,28.3,4
0,16,0,0,9,18.36,32.25,4
0,12,0,0,9,15.0,30.46,4
1,0,7,0,14,7.0,27.59,4
1,3,6,0,12,6.71,27.29,4
0,14,0,2,7,13.89,31.3,4
1,0,9,0,18,9.0,30.46,4
2,0,8,0,16,8.0,26.83,4
1,2,6,0,12,6.32,28.3,4
1,9,5,0,10,10.3,36.24,4
0,16,0,0,8,17.89,28.84,4
1,7,5,0,10,8.6,33.54,4
0,12,0,0,9,15.0,30.46,4
1,2,6,0,12,6.32,38.01,4
0,14,0,2,7,13.89,31.3,4
1,0,9,0,18,9.0,30.46,4
0,20,0,2,4,18.44,29.73,4
0,15,0,2,6,14.32,28.3,4
0,12,0,2,6,11.66,26.83,4
0,12,0,2,6,11.66,26.83,4
0,14,0,2,7,13.89,31.3,4
0,12,0,0,9,15.0,30.46,4
0,14,0,0,11,17.8,34.93,4
1,7,5,0,10,8.6,31.3,4
0,12,0,5,4,8.06,26.83,4
1,0,8,0,16,8.0,29.41,4
1,2,7,0,14,7.28,31.3,4
0,12,0,0,9,15.0,30.46,4
1,6,3,0,6,6.71,26.25,4
1,2,7,0,14,7.28,31.3,4
2,0,8,0,16,8.0,28.3,4
0,12,0,0,9,15.0,30.46,4
0,16,0,9,5,8.6,32.25,4
1,2,6,0,12,6.32,26.83,4
0,17,0,0,8,18.79,29.41,4
1,2,4,0,8,4.47,28.3,4
1,6,6,0,12,8.49,33.24,4
1,7,5,0,10,8.6,31.3,4
1,2,6,0,12,6.32,26.83,4
0,16,0,8,5,9.43,35.78,4
0,15,0,7,5,9.43,33.54,4
0,17,0,0,8,18.79,29.41,4
1,2,6,0,12,6.32,38.01,4
0,10,0,0,8,12.81,26.0,4
0,14,0,7,5,8.6,31.3,4
1,5,4,0,8,6.4,26.83,4
1,6,3,0,6,6.71,26.25,4
0,15,0,0,8,17.0,28.3,4
0,17,0,9,5,9.43,36.24,4
0,14,0,2,7,13.89,31.3,4
0,15,0,7,5,9.43,33.54,4
1,0,9,0,18,9.0,30.46,4
0,13,0,3,6,11.66,27.29,4
1,0,8,0,16,8.0,28.84,4
2,0,8,0,15,7.0,29.73,4
1,2,7,0,14,7.28,31.3,4
1,2,6,0,12,6.32,26.83,4
1,0,8,0,16,8.0,26.0,4
1,2,7,0,14,7.28,31.3,4
0,12,0,2,4,10.77,26.83,4
0,12,0,2,4,10.77,26.83,4
1,4,7,0,14,8.06,32.25,4
2,0,8,0,16,8.0,26.83,4
0,14,0,0,11,17.8,34.93,4
0,16,0,8,5,9.43,35.78,4
1,2,7,0,14,7.28,31.3,4
1,2,7,0,14,7.28,31.3,4
0,15,0,0,7,16.55,25.0,4
0,16,0,8,5,9.43,35.78,4
0,12,0,2,6,11.66,26.83,4
0,17,0,2,6,16.16,38.01,4
0,14,0,0,11,17.8,36.77,4
0,12,0,0,9,15.0,30.46,4
0,12,0,2,6,11.66,26.83,4
0,22,0,0,8,23.41,32.56,4
0,19,0,0,7,20.25,27.59,4
0,14,0,0,11,17.8,34.93,4
1,1,6,0,12,6.08,38.01,4
1,2,5,0,10,5.39,31.3,4
0,15,0,0,8,17.0,28.3,4
0,12,0,0,9,15.0,30.46,4
1,0,8,0,16,8.0,28.3,4
0,12,0,2,6,11.66,26.83,4
0,14,0,2,7,13.89,31.3,4
0,17,0,9,5,9.43,36.24,4
1,2,4,0,8,4.47,26.83,4
1,2,6,0,12,6.32,26.83,4
0,16,0,9,5,8.6,32.25,4
1,0,8,0,16,8.0,32.56,4
1,9,5,0,10,10.3,32.25,4
2,0,6,0,13,7.0,26.25,4
0,12,0,2,6,11.66,26.83,4
1,8,5,0,10,9.43,35.78,4
2,0,8,0,15,7.0,26.63,4
1,0,7,0,14,7.0,27.59,4
0,19,0,0,7,20.25,27.59,4
1,0,8,0,16,8.0,29.41,4
1,2,7,0,14,7.28,31.3,4
0,12,0,0,9,15.0,30.46,4
0,14,0,0,11,17.8,36.77,4
1,0,8,0,16,8.0,28.3,4
0,17,0,1,6,17.09,38.01,4
1,2,6,0,12,6.32,26.83,4
1,2,4,0,8,4.47,29.73,4
1,2,7,0,14,7.28,31.3,4
3,12,9,0,0,15.0,30.46,5
3,15,10,10,5,7.07,25.0,5
4,12,7,0,0,13.89,30.89,5
0,0,0,0,26,26.0,34.71,5
0,0,0,0,26,26.0,36.07,5
3,10,13,10,6,7.0,23.26,5
0,0,0,0,22,22.0,24.17,5
3,17,7,0,0,18.38,26.25,5
0,0,0,0,24,24.0,28.84,5
5,8,4,0,0,8.94,30.61,5
0,0,0,2,25,25.08,33.97,5
5,6,4,0,0,7.21,25.94,5
3,19,8,0,0,20.62,31.4,5
0,0,0,2,27,27.07,30.89,5
0,0,0,0,23,23.0,25.94,5
5,9,4,0,0,9.85,27.29,5
5,9,4,0,0,9.85,26.42,5
3,10,13,10,6,7.0,23.26,5
0,0,0,1,23,23.02,31.14,5
2,5,16,10,13,5.83,23.26,5
4,9,5,0,0,10.3,23.26,5
3,18,7,0,0,19.31,28.43,5
3,10,10,9,5,5.1,22.36,5
1,1,21,9,15,10.0,23.26,5
3,12,9,0,0,15.0,30.46,5
2,10,14,10,7,7.0,24.17,5
4,10,6,0,0,11.66,24.6,5
4,14,8,6,4,8.94,27.78,5
0,0,0,2,25,25.08,31.4,5
0,0,0,1,26,26.02,29.07,5
0,0,0,1,24,24.02,30.61,5
1,1,21,9,15,10.0,23.26,5
0,0,0,0,24,24.0,26.83,5
5,10,3,0,0,10.44,26.4,5
0,0,0,1,23,23.02,28.02,5
3,9,7,0,0,11.4,21.93,5
0,0,0,0,25,25.0,33.3,5
4,17,6,0,0,18.03,31.4,5
0,0,0,1,26,26.02,32.2,5
3,15,7,0,0,16.55,26.63,5
0,0,0,1,24,24.02,26.0,5
5,6,4,0,0,7.21,25.94,5
0,0,0,1,22,22.02,27.2,5
3,10,8,0,0,12.81,26.0,5
0,0,0,2,25,25.08,27.31,5
0,0,0,1,24,24.02,28.3,5
0,0,0,2,20,20.1,25.0,5
0,0,0,0,20,20.0,21.93,5
0,0,0,0,28,28.0,31.3,5
3,12,9,0,0,15.0,30.46,5
0,0,0,2,25,25.08,33.97,5
2,9,15,10,10,5.1,23.26,5
0,0,0,0,24,24.0,33.24,5
5,13,4,0,0,13.6,33.97,5
3,10,10,9,5,5.1,22.36,5
4,12,8,6,4,7.21,26.83,5
0,0,0,1,25,25.02,31.4,5
3,18,7,0,0,19.31,28.43,5
1,1,20,9,14,10.0,21.93,5
5,9,5,0,0,10.3,30.41,5
3,17,7,0,0,18.38,26.25,5
0,0,0,0,28,28.0,30.46,5
3,10,7,0,0,12.21,24.17,5
0,0,0,1,20,20.02,21.93,5
3,10,10,9,5,5.1,23.26,5
3,17,7,0,0,18.38,26.25,5
5,7,5,0,0,8.6,30.41,5
0,0,0,0,21,21.0,28.32,5
5,6,4,0,0,7.21,28.84,5
4,12,8,9,4,5.0,26.83,5
3,10,10,9,5,5.1,23.26,5
0,0,0,1,21,21.02,26.4,5
0,0,0,1,20,20.02,21.93,5
5,9,4,0,0,9.85,27.29,5
0,0,0,2,22,22.09,26.63,5
0,0,0,1,24,24.02,30.61,5
0,0,0,0,28,28.0,30.46,5
0,0,0,0,24,24.0,27.29,5
5,9,4,0,0,9.85,26.83,5
0,0,0,2,23,23.09,26.42,5
5,7,5,0,0,8.6,31.3,5
5,7,5,0,0,8.6,30.41,5
2,9,15,10,10,5.1,22.36,5
3,12,9,0,0,15.0,31.38,5
3,9,7,0,0,11.4,21.93,5
3,12,9,0,0,15.0,30.46,5
3,10,8,0,0,12.81,26.0,5
3,9,7,0,0,11.4,21.93,5
0,0,0,0,24,24.0,27.29,5
4,12,7,0,0,13.89,32.2,5
0,0,0,1,27,27.02,30.41,5
4,10,6,0,0,11.66,29.07,5
4,16,6,10,3,6.71,26.4,5
5,6,4,0,0,7.21,28.84,5
1,0,20,9,14,10.82,21.93,5
0,0,0,0,20,20.0,27.59,5
0,0,0,1,21,21.02,23.26,5
0,0,0,1,23,23.02,28.02,5
0,0,0,1,28,28.02,31.3,5
3,10,7,0,0,12.21,24.17,5
4,12,8,6,4,7.21,25.94,5
4,14,8,6,4,8.94,27.78,5
0,0,0,0,20,20.0,27.59,5
5,8,4,0,0,8.94,30.61,5
4,12,7,0,0,13.89,32.2,5
5,5,3,0,0,5.83,23.26,5
0,0,0,0,24,24.0,26.83,5
0,0,0,0,24,24.0,26.83,5
2,10,14,10,7,7.0,24.17,5
5,6,4,0,0,7.21,27.78,5
4,9,5,0,0,10.3,23.26,5
0,0,0,0,24,24.0,28.84,5
5,5,3,0,0,5.83,23.26,5
4,13,8,9,4,5.66,27.29,5
0,0,0,1,28,28.02,30.46,5
0,0,0,0,24,24.0,27.29,5
5,9,5,0,0,10.3,36.67,5
4,12,8,6,4,7.21,26.83,5
0,0,0,2,22,22.09,26.63,5
0,0,0,2,23,23.09,26.42,5
0,0,0,0,23,23.0,25.94,5
5,9,4,0,0,9.85,26.83,5
3,15,10,10,5,7.07,25.0,5
2,9,15,10,10,5.1,23.26,5
0,0,0,2,25,25.08,31.4,5
0,0,0,2,20,20.1,22.36,5
3,10,10,9,5,5.1,23.26,5
0,0,0,1,28,28.02,30.46,5
4,12,8,6,4,7.21,26.83,5
0,0,0,2,25,25.08,27.31,5
1,1,20,9,14,10.0,21.93,5
4,10,6,0,0,11.66,32.56,5
0,0,0,0,24,24.0,26.83,5
3,17,7,0,0,18.38,26.25,5
5,6,4,0,0,7.21,26.83,5
5,10,3,0,0,10.44,26.4,5
4,12,7,0,0,13.89,32.2,5
5,6,4,0,0,7.21,28.02,5
5,9,5,0,0,10.3,36.67,5
0,0,0,1,26,26.02,29.07,5
5,9,4,0,0,9.85,26.42,5
4,10,6,0,0,11.66,32.56,5
4,9,5,0,0,10.3,23.26,5
5,9,5,0,0,10.3,30.41,5
4,13,8,9,4,5.66,26.42,5
0,0,0,1,23,23.02,31.14,5
3,10,10,9,5,5.1,23.26,5
5,14,4,0,0,14.56,27.2,5
1,0,10,0,16,6.0,21.93,6
4,0,0,8,0,8.0,29.21,6
0,0,0,0,11,11.0,48.17,6
0,0,0,0,14,14.0,38.29,6
0,0,0,0,20,20.0,37.8,6
0,0,0,0,6,6.0,34.83,6
4,0,0,6,-2,6.32,35.61,6
0,0,0,0,10,10.0,28.6,6
0,0,0,0,17,17.0,39.7,6
2,0,8,9,8,9.0,29.55,6
4,0,0,9,-2,9.22,29.55,6
0,0,0,0,18,18.0,29.68,6
4,0,0,8,0,8.0,39.2,6
0,0,0,0,9,9.0,29.21,6
0,0,0,0,9,9.0,43.6,6
0,0,0,0,12,12.0,48.92,6
0,0,0,0,10,10.0,22.2,6
0,0,0,0,12,12.0,47.01,6
4,0,0,6,-2,6.32,42.52,6
0,0,0,0,12,12.0,39.7,6
0,0,0,0,11,11.0,50.21,6
0,0,0,0,6,6.0,34.71,6
0,0,0,0,16,16.0,28.23,6
4,0,0,12,1,12.04,29.68,6
4,0,0,9,-2,9.22,29.55,6
1,0,9,0,22,13.0,29.21,6
4,0,0,11,0,11.0,34.01,6
0,0,0,0,9,9.0,31.11,6
0,0,0,0,10,10.0,42.2,6
0,0,0,0,13,13.0,50.33,6
1,0,8,2,19,11.18,27.02,6
1,0,8,1,20,12.04,27.8,6
1,0,13,2,21,8.25,29.83,6
0,0,0,0,13,13.0,26.87,6
3,0,13,8,13,8.0,17.8,6
0,0,0,0,10,10.0,21.93,6
0,0,0,0,15,15.0,42.52,6
1,0,6,2,12,6.32,17.8,6
0,0,0,0,15,15.0,42.52,6
0,0,0,0,7,7.0,37.44,6
0,0,0,0,6,6.0,34.83,6
1,0,12,0,18,6.0,23.85,6
4,0,0,7,1,7.07,39.7,6
4,0,0,11,-1,11.05,31.4,6
0,0,0,0,7,7.0,42.52,6
2,0,7,7,6,7.07,37.44,6
4,0,0,9,0,9.0,38.42,6
0,0,0,0,11,11.0,34.06,6
4,0,0,17,0,17.0,27.02,6
0,0,0,0,11,11.0,39.82,6
0,0,0,0,6,6.0,34.06,6
1,0,9,2,21,12.17,31.11,6
4,0,0,7,1,7.07,21.93,6
0,0,0,0,17,17.0,39.7,6
0,0,0,0,8,8.0,42.64,6
0,0,0,0,12,12.0,48.92,6
0,0,0,0,14,14.0,38.29,6
0,0,0,0,14,14.0,26.63,6
0,0,0,0,8,8.0,29.55,6
4,0,0,6,2,6.32,37.01,6
1,0,8,2,19,11.18,27.02,6
2,0,10,8,9,8.06,31.4,6
3,2,12,11,14,9.22,17.8,6
0,0,0,0,12,12.0,23.85,6
0,0,0,0,8,8.0,29.55,6
4,0,0,8,-1,8.06,17.8,6
0,0,0,0,10,10.0,42.2,6
2,0,10,6,10,6.0,22.2,6
0,0,0,0,15,15.0,44.1,6
1,0,7,0,13,6.0,17.8,6
4,0,0,7,0,7.0,34.06,6
0,0,0,0,21,21.0,38.42,6
0,0,0,0,14,14.0,35.47,6
1,0,10,1,20,10.05,28.6,6
1,0,10,1,20,10.05,28.6,6
0,0,0,0,22,22.0,35.0,6
0,0,0,0,12,12.0,47.01,6
0,0,0,0,10,10.0,31.4,6
0,0,0,0,13,13.0,50.33,6
1,0,13,2,19,6.32,26.87,6
0,0,0,0,6,6.0,42.01,6
0,0,0,0,10,10.0,31.4,6
0,0,0,0,11,11.0,48.17,6
0,0,0,0,8,8.0,42.64,6
4,0,0,11,-1,11.05,31.4,6
0,0,0,0,17,17.0,38.28,6
0,0,0,0,12,12.0,39.7,6
0,0,0,0,13,13.0,46.69,6
4,0,0,13,2,13.15,22.2,6
0,0,0,0,12,12.0,32.8,6
0,0,0,0,17,17.0,43.6,6
0,0,0,0,17,17.0,32.8,6
2,0,7,10,5,10.2,31.06,6
0,0,0,0,16,16.0,46.4,6
0,0,0,0,13,13.0,41.77,6
4,0,0,11,0,11.0,34.01,6
0,0,0,0,12,12.0,41.73,6
0,0,0,0,17,17.0,38.28,6
0,0,0,0,6,6.0,36.88,6
0,0,0,0,8,8.0,27.8,6
0,0,0,0,9,9.0,37.44,6
4,0,0,7,1,7.07,39.7,6
0,0,0,0,14,14.0,26.63,6
2,0,10,6,10,6.0,22.2,6
0,0,0,0,18,18.0,37.01,6
0,0,0,0,16,16.0,33.29,6
4,0,0,11,0,11.0,17.8,6
2,0,10,8,9,8.06,31.4,6
1,0,10,0,16,6.0,21.93,6
0,0,0,0,20,20.0,34.01,6
0,0,0,0,6,6.0,42.01,6
0,0,0,0,12,12.0,41.73,6
0,0,0,0,12,12.0,39.7,6
2,0,6,9,8,9.22,35.38,6
2,0,7,11,7,11.0,17.8,6
2,0,8,9,8,9.0,29.55,6
0,0,0,0,6,6.0,17.8,6
4,0,0,7,0,7.0,34.06,6
0,0,0,0,13,13.0,29.83,6
0,0,0,0,11,11.0,50.21,6
0,0,0,0,8,8.0,27.8,6
0,0,0,0,14,14.0,43.19,6
3,0,13,8,13,8.0,17.8,6
4,0,0,8,1,8.06,28.23,6
0,0,0,0,7,7.0,31.06,6
4,0,0,12,1,12.04,29.68,6
0,0,0,0,14,14.0,48.92,6
0,0,0,0,15,15.0,32.65,6
0,0,0,0,7,7.0,42.52,6
3,2,12,11,14,9.22,17.8,6
0,0,0,0,14,14.0,35.47,6
4,0,0,11,0,11.0,17.8,6
1,0,14,0,20,6.0,26.63,6
4,0,0,10,-2,10.2,32.8,6
4,0,0,8,1,8.06,28.23,6
0,0,0,0,16,16.0,46.53,6
4,0,0,7,0,7.0,41.87,6
0,0,0,0,14,14.0,45.28,6
0,0,0,0,11,11.0,39.82,6
0,0,0,0,13,13.0,41.77,6
0,0,0,0,6,6.0,35.38,6
0,0,0,0,11,11.0,51.66,6
4,0,0,13,1,13.04,26.87,6
2,0,10,10,11,10.05,21.93,6
2,0,8,6,8,6.0,27.02,6
0,0,0,0,7,7.0,41.87,6
0,0,0,0,17,17.0,39.2,6
0,0,0,0,11,11.0,28.32,7
0,0,0,0,12,12.0,38.91,7
0,0,0,0,14,14.0,24.17,7
0,0,0,0,8,8.0,29.07,7
0,0,0,0,18,18.0,34.93,7
0,0,0,0,14,14.0,24.17,7
0,0,0,0,14,14.0,44.1,7
2,0,7,8,7,8.0,23.41,7
1,0,7,0,13,6.0,16.16,7
1,0,7,0,20,13.0,23.41,7
0,0,0,0,13,13.0,37.54,7
0,0,0,0,6,6.0,18.87,7
1,0,14,0,20,6.0,24.17,7
0,0,0,0,13,13.0,33.3,7
0,0,0,0,7,7.0,16.16,7
1,0,7,1,17,10.05,18.79,7
2,0,6,7,6,7.0,20.12,7
0,0,0,0,15,15.0,26.0,7
1,0,8,2,17,9.22,21.63,7
1,0,6,1,14,8.06,18.87,7
0,0,0,0,8,8.0,32.8,7
2,0,6,6,4,6.32,24.76,7
0,0,0,0,9,9.0,17.89,7
0,0,0,0,6,6.0,35.11,7
1,0,6,1,18,12.04,21.47,7
0,0,0,0,6,6.0,20.12,7
0,0,0,0,19,19.0,38.01,7
2,0,7,10,6,10.05,19.85,7
0,0,0,0,8,8.0,32.8,7
0,0,0,0,6,6.0,18.87,7
0,0,0,0,6,6.0,21.47,7
0,0,0,0,17,17.0,40.31,7
0,0,0,0,9,9.0,17.89,7
1,0,14,1,20,6.08,27.66,7
1,0,8,0,22,14.0,27.8,7
0,0,0,0,17,17.0,40.31,7
0,0,0,0,18,18.0,34.93,7
0,0,0,0,19,19.0,38.01,7
0,0,0,0,10,10.0,30.46,7
3,0,13,6,15,6.32,16.16,7
1,0,8,2,22,14.14,23.77,7
2,0,8,7,8,7.0,23.77,7
0,0,0,0,18,18.0,31.4,7
0,0,0,0,6,6.0,33.24,7
0,0,0,0,6,6.0,35.11,7
0,0,0,0,12,12.0,26.25,7
2,0,9,6,11,6.32,17.89,7
0,0,0,0,7,7.0,27.2,7
0,0,0,0,9,9.0,37.44,7
1,0,8,0,22,14.0,29.07,7
1,0,8,0,21,13.0,27.66,7
1,0,12,0,18,6.0,24.08,7
2,0,6,7,8,7.28,18.87,7
0,0,0,0,8,8.0,23.77,7
2,0,8,8,8,8.0,22.8,7
0,0,0,0,6,6.0,36.72,7
0,0,0,0,15,15.0,37.74,7
2,0,7,7,5,7.28,29.21,7
0,0,0,0,9,9.0,38.08,7
1,0,9,1,16,7.07,17.89,7
2,0,8,12,8,12.0,21.63,7
1,0,6,0,18,12.0,20.12,7
0,0,0,0,12,12.0,26.25,7
2,0,8,8,6,8.25,31.3,7
0,0,0,0,7,7.0,30.41,7
0,0,0,0,9,9.0,19.85,7
1,0,12,0,18,6.0,24.08,7
0,0,0,0,12,12.0,38.6,7
0,0,0,0,12,12.0,24.08,7
0,0,0,0,7,7.0,18.79,7
0,0,0,0,10,10.0,30.46,7
2,0,11,7,10,7.07,26.57,7
0,0,0,0,13,13.0,35.0,7
1,0,8,0,20,12.0,24.41,7
0,0,0,0,14,14.0,42.72,7
2,0,8,8,8,8.0,22.8,7
0,0,0,0,8,8.0,27.8,7
0,0,0,0,9,9.0,46.67,7
0,0,0,0,8,8.0,27.66,7
0,0,0,0,13,13.0,26.63,7
2,0,7,6,5,6.32,16.16,7
0,0,0,0,8,8.0,24.41,7
2,0,6,7,8,7.28,18.87,7
1,0,8,1,17,9.06,22.8,7
0,0,0,0,8,8.0,34.83,7
0,0,0,0,8,8.0,34.83,7
2,0,7,10,6,10.05,19.85,7
0,0,0,0,14,14.0,42.72,7
0,0,0,0,7,7.0,27.2,7
0,0,0,0,15,15.0,37.74,7
2,0,6,7,6,7.0,20.12,7
2,0,9,13,10,13.04,19.85,7
0,0,0,0,15,15.0,26.0,7
0,0,0,0,9,9.0,37.44,7
0,0,0,0,8,8.0,24.41,7
0,0,0,0,18,18.0,34.06,7
2,0,7,7,7,7.0,27.2,7
0,0,0,0,20,20.0,34.71,7
1,0,9,1,16,7.07,17.89,7
1,0,9,0,15,6.0,19.85,7
2,0,8,12,8,12.0,21.63,7
0,0,0,0,7,7.0,23.41,7
0,0,0,0,20,20.0,34.71,7
1,0,6,1,18,12.04,21.47,7
0,0,0,0,6,6.0,20.12,7
0,0,0,0,11,11.0,28.32,7
2,0,6,10,7,10.05,21.47,7
1,0,7,0,13,6.0,16.16,7
1,0,8,2,22,14.14,23.77,7
2,0,7,7,5,7.28,29.21,7
0,0,0,0,7,7.0,19.85,7
0,0,0,0,6,6.0,33.24,7
2,0,9,6,11,6.32,17.89,7
2,0,7,6,5,6.32,16.16,7
0,0,0,0,9,9.0,38.08,7
1,0,13,2,20,7.28,26.63,7
1,0,12,2,20,8.25,26.25,7
0,0,0,0,6,6.0,24.76,7
2,0,7,0,11,4.0,15.65,8
5,6,0,8,9,9.22,15.62,8
1,0,4,0,8,4.0,13.89,8
0,17,0,0,7,18.38,27.59,8
3,7,0,6,10,10.05,17.46,8
0,11,0,1,4,10.77,24.6,8
0,13,0,7,4,7.21,27.29,8
0,13,0,7,4,7.21,29.07,8
0,9,0,1,3,8.54,20.59,8
1,0,5,0,10,5.0,16.12,8
3,13,0,12,7,7.07,19.8,8
1,7,3,0,6,7.62,20.0,8
0,8,0,0,6,10.0,21.1,8
2,0,6,0,11,5.0,20.0,8
1,13,3,0,6,13.34,26.91,8
0,9,0,1,4,8.94,17.8,8
0,5,0,0,4,6.4,13.89,8
2,0,4,0,8,4.0,16.97,8
1,7,4,0,8,8.06,27.29,8
1,0,5,0,10,5.0,24.84,8
3,7,0,8,6,6.08,17.2,8
3,7,0,6,10,10.05,17.46,8
1,0,5,0,10,5.0,17.46,8
2,0,4,0,9,5.0,16.64,8
1,0,4,0,7,3.0,15.65,8
0,6,0,2,2,4.47,15.62,8
1,7,5,0,10,8.6,31.3,8
2,0,7,1,11,4.12,17.8,8
1,1,5,0,10,5.1,23.85,8
0,14,0,7,5,8.6,31.3,8
2,0,10,7,16,9.22,17.46,8
0,10,0,4,2,6.32,16.97,8
1,7,4,0,8,8.06,27.29,8
3,13,0,12,7,7.07,19.8,8
2,0,4,0,8,4.0,14.42,8
0,13,0,7,4,7.21,29.53,8
3,5,0,4,8,8.06,13.89,8
0,8,0,1,3,7.62,18.36,8
0,13,0,0,5,13.93,19.8,8
1,2,2,0,4,2.83,15.62,8
0,8,0,0,5,9.43,16.12,8
1,3,5,0,10,5.83,32.76,8
0,12,0,6,4,7.21,27.78,8
1,3,2,0,4,3.61,16.64,8
0,12,0,0,9,15.0,31.3,8
0,15,0,0,5,15.81,24.84,8
0,16,0,6,6,11.66,31.62,8
2,0,8,5,12,6.4,13.89,8
0,11,0,7,3,5.0,20.0,8
1,1,4,0,8,4.12,24.6,8
1,0,5,0,10,5.0,19.8,8
0,8,0,1,3,7.62,18.36,8
2,0,4,0,9,5.0,16.64,8
2,0,6,0,12,6.0,26.91,8
3,0,11,7,14,7.62,15.65,8
0,15,0,5,6,11.66,26.63,8
3,5,0,5,11,11.0,13.89,8
0,7,0,0,5,8.6,17.46,8
2,0,6,0,12,6.0,20.59,8
2,0,8,5,12,6.4,13.89,8
3,0,11,2,14,3.61,17.89,8
2,0,6,0,11,5.0,18.36,8
0,5,0,0,4,6.4,13.89,8
1,3,2,0,4,3.61,14.42,8
0,12,0,2,4,10.77,27.29,8
6,8,6,2,6,6.0,14.42,8
1,8,5,0,10,9.43,26.91,8
1,1,3,0,6,3.16,20.59,8
4,7,8,2,8,5.0,13.89,8
5,7,0,8,6,6.08,16.64,8
1,8,5,0,10,9.43,26.91,8
3,5,0,5,11,11.0,13.89,8
1,2,4,0,8,4.47,27.29,8
1,0,7,0,14,7.0,27.59,8
0,7,0,0,5,8.6,17.2,8
4,7,0,6,11,11.05,15.65,8
2,0,4,0,9,5.0,16.64,8
0,7,0,0,5,8.6,16.12,8
3,0,11,7,14,7.62,15.65,8
1,0,4,0,8,4.0,13.89,8
0,8,0,2,3,6.71,17.89,8
4,9,8,2,8,7.0,18.36,8
3,0,8,2,10,2.83,15.62,8
4,8,9,4,9,4.0,16.12,8
1,0,5,0,10,5.0,18.36,8
1,1,6,0,11,5.1,25.55,8
3,0,12,1,15,3.16,20.59,8
5,6,0,8,9,9.22,15.62,8
1,0,5,0,10,5.0,24.84,8
5,7,0,8,6,6.08,16.64,8
1,2,2,0,4,2.83,15.62,8
1,1,4,0,8,4.12,24.6,8
1,3,2,0,4,3.61,16.64,8
0,17,0,13,3,5.0,26.91,8
4,7,0,6,11,11.05,15.65,8
0,13,0,7,4,7.21,27.29,8
3,8,0,8,9,9.0,16.12,8
0,11,0,0,5,12.08,17.8,8
1,3,2,0,4,3.61,14.42,8
2,0,10,1,15,5.1,23.85,8
3,5,0,4,8,8.06,13.89,8
2,0,8,5,12,6.4,13.89,8
0,8,0,0,6,10.0,21.1,8
0,9,0,1,4,8.94,17.8,8
3,0,9,1,11,2.24,16.64,8
0,11,0,5,4,7.21,24.6,8
2,0,6,0,11,5.0,18.36,8
4,2,10,6,12,4.47,15.62,8
1,7,5,0,10,8.6,31.3,8
3,0,8,4,10,4.47,16.97,8
1,2,5,0,10,5.39,36.24,8
3,0,9,3,11,3.61,16.64,8
1,0,5,0,10,5.0,24.84,8
0,17,0,8,5,10.3,26.91,8
2,0,7,0,11,4.0,15.65,8
0,10,0,7,2,3.61,16.28,8
0,10,0,1,5,10.3,23.85,8
3,0,12,1,15,3.16,20.59,8
0,9,0,1,3,8.54,20.59,8
3,0,11,1,14,3.16,18.36,8
0,7,0,0,5,8.6,18.36,8
0,16,0,6,6,11.66,31.62,8
3,11,0,9,8,8.25,17.8,8
1,7,4,0,8,8.06,29.07,8
4,10,6,4,6,6.0,17.2,8
1,0,6,0,12,6.0,21.1,8
1,4,2,0,4,4.47,16.97,8
1,1,6,0,11,5.1,25.55,8
2,0,8,0,15,7.0,25.06,8
0,7,0,0,4,8.06,15.65,8
1,1,4,0,7,3.16,17.8,8
0,8,0,2,3,6.71,17.89,8
1,0,5,0,10,5.0,16.12,8
2,0,4,0,8,4.0,16.28,8
3,0,8,4,10,4.47,16.97,8
2,0,6,0,12,6.0,26.91,8
1,0,5,0,10,5.0,16.12,8
2,0,8,0,15,7.0,24.6,8
5,7,0,6,6,6.08,14.42,8
0,7,0,3,2,4.47,16.64,8
0,15,0,0,5,15.81,24.84,8
0,14,0,7,5,8.6,31.3,8
2,0,4,0,8,4.0,16.97,8
1,7,4,0,8,8.06,29.53,8
2,0,4,0,8,4.0,14.42,8
1,7,5,0,10,8.6,31.3,8
0,5,0,0,4,6.4,13.89,8
1,5,6,0,11,7.07,26.63,8
0,11,0,5,4,7.21,24.6,8
0,14,0,7,5,8.6,31.3,8
1,0,5,0,10,5.0,17.46,8
0,10,0,4,2,6.32,16.97,8
4,9,0,10,7,7.07,17.8,8
3,7,0,7,8,8.0,18.36,8
4,9,8,2,8,7.0,18.36,8
4,2,10,6,12,4.47,15.62,8
3,0,8,2,10,2.83,15.62,8
2,0,8,0,15,7.0,25.06,8
1,3,5,0,10,5.83,32.76,8
1,7,5,0,10,8.6,31.3,8
0,6,0,2,2,4.47,15.62,8
1,0,5,0,10,5.0,24.84,8
1,2,3,0,6,3.61,17.89,8
1,0,5,0,10,5.0,19.8,8
1,6,4,0,8,7.21,27.78,8
2,0,4,0,8,4.0,16.28,8
4,3,10,7,12,4.47,14.42,8
3,7,0,8,9,9.06,16.12,8
1,2,3,0,6,3.61,17.89,8
0,7,0,1,2,6.32,16.64,8
0,7,0,3,2,4.47,16.64,8
2,0,10,7,14,8.06,17.2,8
1,2,5,0,10,5.39,36.24,8
2,0,8,0,15,7.0,24.6,8
3,0,8,3,10,3.61,14.42,8
0,17,0,13,3,5.0,26.91,8
0,0,0,0,9,9.0,31.32,9
0,0,0,0,10,10.0,24.35,9
3,0,6,2,23,17.12,25.94,9
2,0,6,12,6,12.0,25.94,9
0,0,0,0,13,13.0,36.4,9
0,0,0,0,10,10.0,29.0,9
0,0,0,0,10,10.0,29.07,9
0,0,0,0,13,13.0,36.4,9
1,11,0,12,6,6.08,25.94,9
0,0,0,0,17,17.0,41.59,9
1,8,0,9,10,10.05,36.14,9
0,0,0,0,14,14.0,31.02,9
1,12,0,12,14,14.0,29.07,9
0,0,0,0,14,14.0,34.71,9
0,0,0,0,8,8.0,37.48,9
1,6,0,6,13,13.0,35.51,9
0,0,0,0,15,15.0,41.23,9
1,9,0,11,12,12.17,38.6,9
0,0,0,0,8,8.0,36.12,9
0,0,0,0,8,8.0,37.48,9
0,0,0,0,17,17.0,41.98,9
0,0,0,0,18,18.0,41.23,9
2,0,10,7,10,7.0,24.35,9
0,0,0,0,12,12.0,39.22,9
1,14,0,14,11,11.0,34.89,9
0,0,0,0,20,20.0,42.05,9
0,0,0,0,15,15.0,38.21,9
0,0,0,0,9,9.0,39.2,9
1,15,0,16,10,10.05,33.62,9
0,0,0,0,6,6.0,34.01,9
1,9,0,11,12,12.17,38.6,9
1,16,0,17,9,9.06,33.62,9
0,0,0,0,18,18.0,38.95,9
0,0,0,0,20,20.0,41.68,9
0,0,0,0,14,14.0,35.17,9
1,15,0,17,9,9.22,34.48,9
0,0,0,0,7,7.0,34.0,9
2,0,9,9,9,9.0,31.32,9
0,0,0,0,8,8.0,34.48,9
0,0,0,0,12,12.0,44.65,9
0,0,0,0,9,9.0,36.36,9
1,6,0,6,13,13.0,35.51,9
0,0,0,0,9,9.0,31.24,9
1,17,0,19,6,6.32,29.0,9
0,0,0,0,14,14.0,33.62,9
0,0,0,0,15,15.0,45.22,9
0,0,0,0,12,12.0,39.22,9
1,17,0,19,6,6.32,29.0,9
0,0,0,0,21,21.0,38.08,9
0,0,0,0,8,8.0,35.51,9
1,7,0,7,10,10.0,24.35,9
0,0,0,0,11,11.0,35.36,9
0,0,0,0,6,6.0,33.62,9
0,0,0,0,17,17.0,28.23,9
0,0,0,0,13,13.0,33.24,9
1,6,0,8,14,14.14,37.85,9
0,0,0,0,13,13.0,41.11,9
1,9,0,9,16,16.0,35.17,9
0,0,0,0,16,16.0,42.2,9
0,0,0,0,11,11.0,41.05,9
0,0,0,0,14,14.0,30.89,9
0,0,0,0,8,8.0,32.02,9
1,15,0,16,10,10.05,33.62,9
1,13,0,13,14,14.0,30.89,9
1,11,0,12,6,6.08,25.94,9
0,0,0,0,17,17.0,41.63,9
0,0,0,0,10,10.0,40.22,9
0,0,0,0,11,11.0,36.14,9
0,0,0,0,12,12.0,39.41,9
1,13,0,13,6,6.0,34.01,9
1,8,0,9,9,9.06,31.32,9
0,0,0,0,6,6.0,33.62,9
0,0,0,0,9,9.0,34.71,9
1,12,0,14,7,7.28,34.0,9
0,0,0,0,14,14.0,30.89,9
0,0,0,0,17,17.0,41.98,9
0,0,0,0,20,20.0,39.96,9
0,0,0,0,16,16.0,37.85,9
0,0,0,0,14,14.0,35.17,9
0,0,0,0,9,9.0,34.71,9
0,0,0,0,8,8.0,32.02,9
0,0,0,0,22,22.0,42.2,9
1,15,0,16,6,6.08,35.36,9
1,13,0,14,9,9.06,26.93,9
3,0,10,0,21,11.0,29.0,9
0,0,0,0,19,19.0,34.89,9
0,0,0,0,20,20.0,39.96,9
1,16,0,17,10,10.05,25.5,9
1,6,0,8,14,14.14,37.85,9
0,0,0,0,14,14.0,31.02,9
0,0,0,0,11,11.0,36.14,9
0,0,0,0,13,13.0,34.71,9
0,0,0,0,15,15.0,45.22,9
0,0,0,0,8,8.0,34.48,9
0,0,0,0,11,11.0,26.93,9
0,0,0,0,14,14.0,41.34,9
1,14,0,14,11,11.0,34.89,9
0,0,0,0,6,6.0,28.79,9
0,0,0,0,8,8.0,42.64,9
2,0,6,13,6,13.0,34.01,9
1,8,0,10,8,8.25,28.79,9
1,15,0,16,6,6.08,35.36,9
0,0,0,0,11,11.0,41.05,9
0,0,0,0,13,13.0,41.11,9
0,0,0,0,10,10.0,24.35,9
0,0,0,0,23,23.0,40.02,9
2,0,6,12,6,12.0,25.94,9
0,0,0,0,9,9.0,41.04,9
2,0,10,13,8,13.15,29.07,9
0,0,0,0,11,11.0,26.93,9
0,0,0,0,9,9.0,39.05,9
3,0,10,1,23,13.04,24.35,9
1,7,0,7,10,10.0,24.35,9
0,0,0,0,18,18.0,47.2,9
1,12,0,14,7,7.28,34.0,9
0,0,0,0,15,15.0,44.1,9
1,16,0,17,9,9.06,33.62,9
1,6,0,8,12,12.17,32.02,9
0,0,0,0,13,13.0,34.71,9
0,0,0,0,6,6.0,25.5,9
0,0,0,0,16,16.0,41.88,9
3,0,6,2,18,12.17,25.5,9
0,0,0,0,16,16.0,37.85,9
1,8,0,9,10,10.05,36.14,9
0,0,0,0,7,7.0,38.6,9
0,0,0,0,7,7.0,38.28,9
1,15,0,17,6,6.32,36.36,9
0,0,0,0,7,7.0,38.28,9
0,0,0,0,15,15.0,44.1,9
0,0,0,0,19,19.0,34.01,9
0,0,0,0,17,17.0,40.52,9
0,0,0,0,18,18.0,44.94,9
3,0,8,0,15,7.0,35.51,9
0,0,0,0,14,14.0,36.07,9
1,11,0,13,8,8.25,29.07,9
0,0,0,0,7,7.0,27.8,9
0,0,0,0,14,14.0,41.34,9
0,0,0,0,20,20.0,41.68,9
0,0,0,0,14,14.0,36.07,9
3,0,6,2,18,12.17,25.5,9
0,0,0,0,7,7.0,27.8,9
0,0,0,0,23,23.0,40.02,9
0,0,0,0,12,12.0,39.41,9
1,13,0,13,6,6.0,34.01,9
0,0,0,0,19,19.0,34.01,9
0,0,0,0,15,15.0,41.23,9
3,0,11,1,22,11.05,26.93,9
2,0,0,6,2,6.32,22.8,10
2,0,0,8,0,8.0,31.05,10
0,0,0,0,15,15.0,28.32,10
2,0,0,14,0,14.0,22.8,10
1,0,7,1,18,11.05,21.1,10
2,0,0,13,0,13.0,21.4,10
2,0,0,9,1,9.06,25.63,10
0,0,0,0,15,15.0,28.32,10
0,0,0,0,13,13.0,24.6,10
1,0,9,2,16,7.28,20.0,10
1,0,9,2,16,7.28,20.0,10
0,0,0,0,9,9.0,35.0,10
0,0,0,0,6,6.0,17.49,10
0,0,0,0,9,9.0,26.91,10
0,0,0,0,6,6.0,19.21,10
0,0,0,0,7,7.0,31.76,10
2,0,0,9,0,9.0,30.36,10
2,0,0,14,0,14.0,22.8,10
1,0,6,1,15,9.06,17.49,10
0,0,0,0,10,10.0,19.92,10
2,0,0,9,0,9.0,17.49,10
0,0,0,0,12,12.0,26.93,10
1,0,6,1,15,9.06,19.21,10
2,0,0,11,0,11.0,21.1,10
0,0,0,0,9,9.0,20.0,10
1,0,8,2,17,9.22,21.4,10
0,0,0,0,9,9.0,30.41,10
0,0,0,0,8,8.0,34.67,10
2,0,0,12,1,12.04,19.21,10
0,0,0,0,8,8.0,33.97,10
0,0,0,0,9,9.0,20.0,10
0,0,0,0,12,12.0,35.47,10
0,0,0,0,12,12.0,27.59,10
0,0,0,0,13,13.0,30.89,10
2,0,0,11,2,11.18,22.83,10
2,0,0,12,0,12.0,22.47,10
0,0,0,0,12,12.0,31.05,10
2,0,0,11,2,11.18,24.6,10
2,0,0,8,2,8.25,19.7,10
2,0,0,10,0,10.0,27.86,10
2,0,0,6,2,6.32,19.92,10
2,0,0,12,1,12.04,18.44,10
0,0,0,0,14,14.0,28.18,10
0,0,0,0,9,9.0,26.91,10
0,0,0,0,7,7.0,21.1,10
0,0,0,0,11,11.0,26.63,10
0,0,0,0,14,14.0,28.18,10
2,0,0,12,1,12.04,19.21,10
0,0,0,0,12,12.0,25.5,10
0,0,0,0,6,6.0,17.49,10
0,0,0,0,8,8.0,34.21,10
0,0,0,0,10,10.0,19.92,10
2,0,0,8,0,8.0,23.41,10
0,0,0,0,15,15.0,27.86,10
0,0,0,0,8,8.0,26.68,10
2,0,0,12,2,12.17,24.19,10
0,0,0,0,8,8.0,27.8,10
0,0,0,0,9,9.0,30.41,10
0,0,0,0,10,10.0,36.4,10
2,0,0,12,0,12.0,22.47,10
1,0,6,1,15,9.06,19.21,10
0,0,0,0,6,6.0,19.21,10
0,0,0,0,7,7.0,30.0,10
0,0,0,0,8,8.0,27.8,10
0,0,0,0,7,7.0,31.76,10
0,0,0,0,11,11.0,26.63,10
2,0,0,9,0,9.0,17.49,10
0,0,0,0,7,7.0,30.0,10
2,0,0,8,0,8.0,23.41,10
1,0,7,0,14,7.0,18.44,10
0,0,0,0,13,13.0,30.89,10
0,0,0,0,14,14.0,25.0,10
2,0,0,8,2,8.25,19.7,10
0,0,0,0,9,9.0,27.78,10
0,0,0,0,12,12.0,22.8,10
0,0,0,0,12,12.0,19.7,10
0,0,0,0,12,12.0,19.7,10
0,0,0,0,14,14.0,25.0,10
1,0,12,1,18,6.08,19.7,10
2,0,0,7,1,7.07,26.93,10
0,0,0,0,8,8.0,32.8,10
0,0,0,0,11,11.0,25.63,10
0,0,0,0,12,12.0,25.5,10
1,0,7,1,18,11.05,21.1,10
0,0,0,0,12,12.0,27.59,10
0,0,0,0,7,7.0,21.1,10
2,0,0,6,0,6.0,26.68,10
0,0,0,0,14,14.0,24.19,10
